timestamp,name,age,income,annual_income,spending_score,debt_ratio,utilization,dependents,credit_lines,real_estate_loans,late_30_59,late_60_89,late_90,loan_amount,behavioral_score,behavioral_label,default_score,default_label,segment,recommendation
2026-04-05 12:18:02,john smith,35,5000,60000,60,0.2,0.3,1,5,1,0,0,0,20000,0,LOW RISK,10.0,LOW RISK,Budget Customer,APPROVED
2026-04-05 12:39:22,john smith,35,5000,60000,60,0.2,0.3,1,5,1,0,0,0,20000,0,LOW RISK,10.0,LOW RISK,Budget Customer,APPROVED
2026-04-05 12:48:10,john smith,35,5000,60000,60,0.2,0.3,1,5,1,0,0,0,20000,0,LOW RISK,10.0,LOW RISK,Budget Customer,APPROVED
2026-04-05 12:53:33,john smith,35,5000,60000,60,0.2,0.3,1,5,1,0,0,0,20000,0,LOW RISK,10.0,LOW RISK,Budget Customer,APPROVED
2026-04-05 12:58:40,john smith,32,2000,24000,29,0.2,0.3,2,5,-1,0,0,0,5000,0,LOW RISK,36.0,MEDIUM RISK,Middle Customer,APPROVED
2026-04-05 12:59:48,NIKHIL RAJ,22,1000,12000,65,0.6,0.5,1,2,1,1,2,3,5000,100,HIGH RISK,65.0,HIGH RISK,Impulsive Buyer,REJECTED
2026-04-06 09:00:17,NIKHIL RAJ,22,1000,12000,51,0.6,0.5,1,5,0,0,0,0,5000,20,LOW RISK,27.0,LOW RISK,Impulsive Buyer,APPROVED
2026-04-13 01:42:27,praveen,51,1200,14500,59,0,20,0,5,0,-1,0,0,50000,32,MEDIUM RISK,23.0,LOW RISK,Impulsive Buyer,REVIEW
2026-04-13 01:42:59,praveen,51,1200,14500,51,0,20,0,5,0,0,0,0,45000,40,MEDIUM RISK,23.0,LOW RISK,Impulsive Buyer,REVIEW
2026-04-13 01:43:11,praveen,51,1200,14500,51,0,20,0,5,0,0,0,0,40000,30,MEDIUM RISK,23.0,LOW RISK,Impulsive Buyer,REVIEW
2026-04-13 01:43:35,praveen,51,1200,14500,59,0,20,0,5,0,0,0,0,40000,30,MEDIUM RISK,23.0,LOW RISK,Impulsive Buyer,REVIEW
2026-04-13 01:43:47,praveen,51,1200,14500,51,0,20,0,5,0,0,0,0,10000,25,LOW RISK,23.0,LOW RISK,Impulsive Buyer,APPROVED
2026-04-13 01:43:58,praveen,51,1200,14500,51,0,20,0,5,0,0,0,0,30000,30,MEDIUM RISK,23.0,LOW RISK,Impulsive Buyer,REVIEW
2026-07-08 13:23:32,Nikhil,32,5000,60000,51,0.5,0.6,-1,5,0,0,0,0,700000,47,MEDIUM RISK,60.0,HIGH RISK,Budget Customer,REJECTED
2026-09-28 02:30:12,nikhil,32,1000,13000,50,0.45,0.28,22,5,0,0,0,0,50000,30,MEDIUM RISK,48.0,MEDIUM RISK,Middle Customer,REVIEW
